condition,mean_rank,mean_macro_f1
T1,1.8,0.7078726428498534
T2,2.2,0.7035562272793385
T3,3.3333333333333335,0.6949024930462873
T4,2.6666666666666665,0.7003194227851796
