char5_cosine_threshold,near_pair_count,near_cross_split_pairs,near_label_conflict_pairs,removed_unique_test_issues,remaining_test_issues,enriched_delta,markdown_delta,question_markdown_delta
0.95,52,27,3,24,1476,-0.02872537137792886,-0.03548977108746693,-0.07688942052639935
0.98,33,16,2,14,1486,-0.028678291724435426,-0.03544594010250592,-0.07683893396036201
0.99,21,11,2,12,1488,-0.02859384667651872,-0.03535586170010155,-0.07655657603171828
