repeat_id,delta_t3_minus_t0
1,-0.00396932782209698
2,-0.029604994968723323
3,-0.010007935734386719
