model_id,delta_t3_minus_t0
deepseek-v4-flash,-0.012534713216100586
glm-5.2,-0.0052474860689514825
kimi-k2.7-code,-0.02580005924015495
