{
  "baseline": "TF-IDF + Linear SVM",
  "metrics": {
    "accuracy": 0.748,
    "balanced_accuracy": 0.7480000000000001,
    "invalid_rate": 0.0,
    "macro_f1": 0.7470957798125412,
    "mcc": 0.6226740982589838,
    "n": 1500,
    "per_class": {
      "bug": {
        "f1": 0.7548321464903357,
        "precision": 0.7681159420289855,
        "recall": 0.742,
        "support": 500
      },
      "feature": {
        "f1": 0.7820267686424475,
        "precision": 0.7490842490842491,
        "recall": 0.818,
        "support": 500
      },
      "question": {
        "f1": 0.7044284243048403,
        "precision": 0.7261146496815286,
        "recall": 0.684,
        "support": 500
      }
    }
  },
  "test_rows": 1500,
  "training_rows": 1500
}
