{
  "rows": [
    {
      "model_id": "deepseek-v4-flash",
      "taxonomy_condition": "T0",
      "strict_parse_rate": 0.997037037037037,
      "krippendorff_alpha": 0.9532459185872119,
      "dominant_label_agreement": 0.9835185185185185,
      "unanimous_rate": 0.9266666666666666,
      "overall_pairwise_flip_rate": 0.028042328042328042,
      "prediction_entropy_normalized": 0.03465744877211968,
      "krippendorff_alpha_ci_low": 0.9260664649577779,
      "krippendorff_alpha_ci_high": 0.9775245226761767,
      "pairwise_flip_rate_ci_low": 0.013333333333333334,
      "pairwise_flip_rate_ci_high": 0.04518518518518518,
      "prediction_entropy_ci_low": 0.01664173905102265,
      "prediction_entropy_ci_high": 0.05549155228403812,
      "bootstrap_samples": 10000,
      "bootstrap_seed": 20260704,
      "bootstrap_unit": "issue id; nine instruction-by-repeat predictions carried together",
      "n_units": 150,
      "n_predictions": 1350
    },
    {
      "model_id": "deepseek-v4-flash",
      "taxonomy_condition": "T2",
      "strict_parse_rate": 0.9962962962962963,
      "krippendorff_alpha": 0.9458886998749063,
      "dominant_label_agreement": 0.98,
      "unanimous_rate": 0.9066666666666666,
      "overall_pairwise_flip_rate": 0.033544973544973544,
      "prediction_entropy_normalized": 0.04172608870173316,
      "krippendorff_alpha_ci_low": 0.9180024581355094,
      "krippendorff_alpha_ci_high": 0.9734407876872421,
      "pairwise_flip_rate_ci_low": 0.016824735449735447,
      "pairwise_flip_rate_ci_high": 0.05227579365079365,
      "prediction_entropy_ci_low": 0.021304399348795217,
      "prediction_entropy_ci_high": 0.06443418924334851,
      "bootstrap_samples": 10000,
      "bootstrap_seed": 20260705,
      "bootstrap_unit": "issue id; nine instruction-by-repeat predictions carried together",
      "n_units": 150,
      "n_predictions": 1350
    },
    {
      "model_id": "deepseek-v4-flash",
      "taxonomy_condition": "T4",
      "strict_parse_rate": 0.9918518518518519,
      "krippendorff_alpha": 0.9528638556431355,
      "dominant_label_agreement": 0.9815476190476191,
      "unanimous_rate": 0.92,
      "overall_pairwise_flip_rate": 0.029179894179894177,
      "prediction_entropy_normalized": 0.03605497558073207,
      "krippendorff_alpha_ci_low": 0.9251705567820562,
      "krippendorff_alpha_ci_high": 0.9789462105467437,
      "pairwise_flip_rate_ci_low": 0.013571428571428571,
      "pairwise_flip_rate_ci_high": 0.047302248677248665,
      "prediction_entropy_ci_low": 0.017052140894109523,
      "prediction_entropy_ci_high": 0.05751635801575255,
      "bootstrap_samples": 10000,
      "bootstrap_seed": 20260706,
      "bootstrap_unit": "issue id; nine instruction-by-repeat predictions carried together",
      "n_units": 150,
      "n_predictions": 1350
    },
    {
      "model_id": "glm-5.2",
      "taxonomy_condition": "T0",
      "strict_parse_rate": 0.9955555555555555,
      "krippendorff_alpha": 0.9693126770861895,
      "dominant_label_agreement": 0.9875661375661378,
      "unanimous_rate": 0.9466666666666667,
      "overall_pairwise_flip_rate": 0.01947089947089947,
      "prediction_entropy_normalized": 0.024001224630057726,
      "krippendorff_alpha_ci_low": 0.9465791998176968,
      "krippendorff_alpha_ci_high": 0.9898940757581016,
      "pairwise_flip_rate_ci_low": 0.007082010582010589,
      "pairwise_flip_rate_ci_high": 0.034920634920634915,
      "prediction_entropy_ci_low": 0.008839106212094853,
      "prediction_entropy_ci_high": 0.04240830189766908,
      "bootstrap_samples": 10000,
      "bootstrap_seed": 20260714,
      "bootstrap_unit": "issue id; nine instruction-by-repeat predictions carried together",
      "n_units": 150,
      "n_predictions": 1350
    },
    {
      "model_id": "glm-5.2",
      "taxonomy_condition": "T2",
      "strict_parse_rate": 0.997037037037037,
      "krippendorff_alpha": 0.9857567107141213,
      "dominant_label_agreement": 0.9948148148148148,
      "unanimous_rate": 0.98,
      "overall_pairwise_flip_rate": 0.008518518518518517,
      "prediction_entropy_normalized": 0.010291325908167047,
      "krippendorff_alpha_ci_low": 0.966892322279349,
      "krippendorff_alpha_ci_high": 1.0,
      "pairwise_flip_rate_ci_low": 0.0,
      "pairwise_flip_rate_ci_high": 0.01962962962962963,
      "prediction_entropy_ci_low": 0.0,
      "prediction_entropy_ci_high": 0.023797047556131965,
      "bootstrap_samples": 10000,
      "bootstrap_seed": 20260715,
      "bootstrap_unit": "issue id; nine instruction-by-repeat predictions carried together",
      "n_units": 150,
      "n_predictions": 1350
    },
    {
      "model_id": "glm-5.2",
      "taxonomy_condition": "T4",
      "strict_parse_rate": 0.9992592592592593,
      "krippendorff_alpha": 0.9764676913125611,
      "dominant_label_agreement": 0.9903703703703702,
      "unanimous_rate": 0.9666666666666667,
      "overall_pairwise_flip_rate": 0.014074074074074074,
      "prediction_entropy_normalized": 0.01688292084993829,
      "krippendorff_alpha_ci_low": 0.9533837745679969,
      "krippendorff_alpha_ci_high": 0.9952875755956105,
      "pairwise_flip_rate_ci_low": 0.0025925925925925925,
      "pairwise_flip_rate_ci_high": 0.02777777777777778,
      "prediction_entropy_ci_low": 0.0032143957397978737,
      "prediction_entropy_ci_high": 0.0328131986016593,
      "bootstrap_samples": 10000,
      "bootstrap_seed": 20260716,
      "bootstrap_unit": "issue id; nine instruction-by-repeat predictions carried together",
      "n_units": 150,
      "n_predictions": 1350
    },
    {
      "model_id": "kimi-k2.7-code",
      "taxonomy_condition": "T0",
      "strict_parse_rate": 1.0,
      "krippendorff_alpha": 0.9331924359804903,
      "dominant_label_agreement": 0.9740740740740739,
      "unanimous_rate": 0.8866666666666667,
      "overall_pairwise_flip_rate": 0.04111111111111111,
      "prediction_entropy_normalized": 0.05112066570688105,
      "krippendorff_alpha_ci_low": 0.8984374435517231,
      "krippendorff_alpha_ci_high": 0.9626209035279073,
      "pairwise_flip_rate_ci_low": 0.022592592592592595,
      "pairwise_flip_rate_ci_high": 0.06222222222222223,
      "prediction_entropy_ci_low": 0.028707858717492176,
      "prediction_entropy_ci_high": 0.07652060567813958,
      "bootstrap_samples": 10000,
      "bootstrap_seed": 20260724,
      "bootstrap_unit": "issue id; nine instruction-by-repeat predictions carried together",
      "n_units": 150,
      "n_predictions": 1350
    },
    {
      "model_id": "kimi-k2.7-code",
      "taxonomy_condition": "T2",
      "strict_parse_rate": 0.9918518518518519,
      "krippendorff_alpha": 0.9410956575092813,
      "dominant_label_agreement": 0.9756746031746032,
      "unanimous_rate": 0.9066666666666666,
      "overall_pairwise_flip_rate": 0.03806878306878307,
      "prediction_entropy_normalized": 0.04563147284376374,
      "krippendorff_alpha_ci_low": 0.913805497067811,
      "krippendorff_alpha_ci_high": 0.9725892326197831,
      "pairwise_flip_rate_ci_low": 0.019390873015873014,
      "pairwise_flip_rate_ci_high": 0.059735449735449725,
      "prediction_entropy_ci_low": 0.02349659915151737,
      "prediction_entropy_ci_high": 0.07073188039390492,
      "bootstrap_samples": 10000,
      "bootstrap_seed": 20260725,
      "bootstrap_unit": "issue id; nine instruction-by-repeat predictions carried together",
      "n_units": 150,
      "n_predictions": 1350
    },
    {
      "model_id": "kimi-k2.7-code",
      "taxonomy_condition": "T4",
      "strict_parse_rate": 0.9925925925925926,
      "krippendorff_alpha": 0.953253560097425,
      "dominant_label_agreement": 0.9833333333333333,
      "unanimous_rate": 0.9066666666666666,
      "overall_pairwise_flip_rate": 0.02957671957671958,
      "prediction_entropy_normalized": 0.03789542610832295,
      "krippendorff_alpha_ci_low": 0.9301110598598735,
      "krippendorff_alpha_ci_high": 0.9778294078286307,
      "pairwise_flip_rate_ci_low": 0.015185185185185185,